instance,V,E,R,C,X,total_requests,capacity_ratio,videos_per_cache,caches_per_endpoint,endpoints_per_cache,top10_share,upper_bound,ks_gcd_weight,ks_pred_dp_weight,ks_pred_dp_value,ks_pred_greedy,ks_pred_dp_cells
kittens,10000,1000,200000,500,6000,1000241830,0.6002,12.0,351.88,703.76,0.1478,1492627,1,500,0,0,30007976496
me_at_the_zoo,100,10,100,10,100,53311,0.4019,4.02,3.2,3.2,0.7012,561356,1,10,0,0,19493
trending_today,10000,100,100000,100,50000,500511001,1.0,100.0,100.0,100.0,0.1697,500000,1,0,0,100,0
videos_worth_spreading,10000,100,100000,100,10000,499686635,0.3332,33.32,5.21,5.21,0.8508,817516,1,100,0,0,1351365123
custom_dejavu42,10000,115,998968,20,2000,6393940709,0.0712,35.58,4.0,23.0,0.173,483566,1,20,0,0,307953900
custom_universallambda42,10000,115,717907,20,2000,2922036519,0.0208,10.42,12.75,73.3,0.2032,1988101,1,20,0,0,400240020
custom_universallambda42_asymmetric,10000,1000,832647,250,2000,4833396,0.1052,4.21,63.0,252.0,0.1256,1997923,1,63,187,0,1260756250
instance1,6790,196,41101,10,250000,41101,0.7363,499.93,5.0,98.0,0.1784,1939331,1,0,0,10,0
instance2,4210,421,64401,10,375000,64401,1.7958,756.03,5.0,210.5,0.3231,2039891,1,0,0,10,0
4990_246_84901_50,4990,246,84901,50,85000,84901,1.7066,170.32,20.0,98.4,0.3244,1945554,1,0,0,50,0
6970_311_100000_69,6970,311,100000,69,200000,100000,3.9486,398.86,10.0,45.07,0.323,1900963,1,0,0,69,0
10000_500_100000_100,10000,500,100000,100,250000,100000,4.9765,497.65,85.0,425.0,0.1597,2029436,1,0,0,100,0
3860_246_84901_66,3860,246,84901,66,250000,84901,8.6018,503.07,56.0,208.73,0.139,1986060,1,0,0,66,0
regional_instance,1000,100,1000,250,1800,505484,1.1168,4.47,3.21,1.28,0.633,2559723,1,185,65,0,5317321
zipF_instance,1000,100,1000,250,1800,502417,1.1168,4.47,2.82,1.13,0.7555,2134119,1,168,82,0,4577900
big,6891,865,8762,500,1000,27696906,0.5639,7.77,1.0,1.73,0.2627,461911,1,500,0,0,7398391
supra,1369,379,1984,200,500,6525316,0.5781,3.96,1.0,1.9,0.2748,688873,1,200,0,0,786069
INSATANC2D,8000,110,399997,40,3000,2555146332,0.2443,48.87,4.0,11.0,0.207,406675,1,40,0,0,298584495
INSTANCED,600,100,37408,40,8000,151370924,0.6301,9.45,24.87,62.17,0.2034,2010648,1,40,0,0,192344040
2_2_2_1,2,2,2,1,20,9451,0.9524,1.9,1.0,2.0,0.9523,999000,1,1,0,0,63
4_2_4_2,4,2,4,2,40,27472,1.3115,2.62,1.5,1.5,0.3284,999000,1,1,1,0,209
6_2_6_2,6,2,6,2,3,59997,1.0,3.0,1.5,1.5,0.1667,999000,1,1,1,0,44
8_2_8_2,8,2,8,2,80,63514,1.1348,4.54,1.5,1.5,0.142,999000,1,1,1,0,745
20_2_20_2,20,2,20,2,200,171640,1.0499,10.5,1.5,1.5,0.1051,999000,1,1,1,0,4321
realistic_large_clustered,10000,1000,200000,500,10000,504946953,2.4122,48.24,59.17,118.33,0.7116,997183,1,500,0,0,21764796262
realistic_large_random,10000,1000,200000,500,10000,504591896,2.3869,47.74,74.82,149.64,0.7108,983461,1,500,0,0,28958905601
dense,10000,500,100000,100,1000,6695512,0.0224,2.24,10.0,50.0,0.9294,114234,1,100,0,0,632192561
dense2,10000,500,100000,100,1000,1418219,0.0242,2.42,10.0,50.0,0.801,344718,1,100,0,0,631971340
medium_mixed_lambda,3000,80,106790,15,2000,21075945,0.0391,7.81,7.17,38.27,0.2141,526046,1,15,0,0,90075015
medium_skew_dense_dejavu,3000,80,640030,15,2000,361858295,0.1759,35.18,8.0,42.67,0.285,457335,1,15,0,0,86459208
medium_skew_sparse_lambda,3000,80,54235,15,2000,7687066,0.0392,7.83,2.96,15.8,0.3639,404899,1,15,0,0,84230094
medium_flat_dense_dejavu,3000,80,640075,15,2000,2560718818,0.1766,35.31,8.0,42.67,0.1124,458258,1,15,0,0,90075015
medium_flat_sparse_lambda,3000,80,215637,15,2000,64901505,0.0389,7.79,3.17,16.93,0.1061,459710,1,15,0,0,90075015
