instance,algo,seed,params,start,status,time_s,score,score_best,cost,start_score,fill_rate,n_placed,valid,ks_dp_weight,ks_dp_value,ks_greedy,ks_greedy_abandon,error
me_at_the_zoo,Greedy,0,,,ok,0.0028,471938,471938,7309330,,0.952,51,1,,,,,
zipF_instance,Greedy,0,,,ok,0.0031,1879209,1879209,207684385,,0.5267,720,1,,,,,
me_at_the_zoo,Greedy2,0,,,ok,0.0011,351943,351943,13706347,,0.787,33,1,,,,,
zipF_instance,Greedy2,0,,,ok,0.0028,778677,778677,760610274,,0.2783,321,1,,,,,
me_at_the_zoo,Greedy3,0,,,ok,0.0008,280477,280477,17516269,,0.714,32,1,,,,,
zipF_instance,Greedy3,0,,,ok,0.0015,348509,348509,976733924,,0.2296,282,1,,,,,
me_at_the_zoo,TSS,0,nbC=10;nbV=10;it=100;tabu=7,Greedy,ok,0.0341,473590,478185,7221229,471938,0.886,47,1,,,,,
zipF_instance,TSS,0,nbC=10;nbV=10;it=100;tabu=7,Greedy,ok,0.1908,1879209,1879209,207684385,1879209,0.5315,726,1,,,,,
me_at_the_zoo,TS,0,nbC=10;nbV=10;it=100;tabu=7,Greedy,ok,0.0161,464737,471938,7693176,471938,0.982,71,1,,,,,
me_at_the_zoo,TS,1,nbC=10;nbV=10;it=100;tabu=7,Greedy,ok,0.0155,471843,471938,7314382,471938,0.986,69,1,,,,,
zipF_instance,TS,0,nbC=10;nbV=10;it=100;tabu=7,Greedy,ok,0.0199,1879209,1879209,207684385,1879209,0.5797,820,1,,,,,
me_at_the_zoo,TS,2,nbC=10;nbV=10;it=100;tabu=7,Greedy,ok,0.0152,472256,473911,7292339,471938,0.98,67,1,,,,,
zipF_instance,TS,1,nbC=10;nbV=10;it=100;tabu=7,Greedy,ok,0.0213,1879209,1879209,207684385,1879209,0.5767,820,1,,,,,
zipF_instance,TS,2,nbC=10;nbV=10;it=100;tabu=7,Greedy,ok,0.0229,1879209,1879209,207684385,1879209,0.5866,820,1,,,,,
me_at_the_zoo,TSS,0,nbC=10;nbV=10;it=400;tabu=7,Greedy,ok,0.1345,477824,478185,6995542,471938,0.917,49,1,,,,,
me_at_the_zoo,TS,0,nbC=10;nbV=10;it=400;tabu=7,Greedy,ok,0.063,464737,471938,7693176,471938,0.985,77,1,,,,,
me_at_the_zoo,TS,1,nbC=10;nbV=10;it=400;tabu=7,Greedy,ok,0.0592,467034,471938,7570753,471938,0.978,75,1,,,,,
me_at_the_zoo,TS,2,nbC=10;nbV=10;it=400;tabu=7,Greedy,ok,0.0591,445937,473911,8695458,471938,0.981,71,1,,,,,
zipF_instance,TSS,0,nbC=10;nbV=10;it=400;tabu=7,Greedy,ok,0.7773,1879209,1879209,207684385,1879209,0.5301,724,1,,,,,
me_at_the_zoo,TSS,0,nbC=30;nbV=30;it=100;tabu=7,Greedy,ok,0.0542,473911,473911,7204147,471938,0.968,53,1,,,,,
me_at_the_zoo,TS,0,nbC=30;nbV=30;it=100;tabu=7,Greedy,ok,0.0378,471938,471938,7309330,471938,0.976,65,1,,,,,
zipF_instance,TS,0,nbC=10;nbV=10;it=400;tabu=7,Greedy,ok,0.0881,1879209,1879209,207684385,1879209,0.7317,1114,1,,,,,
me_at_the_zoo,TS,1,nbC=30;nbV=30;it=100;tabu=7,Greedy,ok,0.0409,471938,471938,7309330,471938,0.992,71,1,,,,,
zipF_instance,TS,1,nbC=10;nbV=10;it=400;tabu=7,Greedy,ok,0.0863,1879209,1879209,207684385,1879209,0.7486,1118,1,,,,,
me_at_the_zoo,TS,2,nbC=30;nbV=30;it=100;tabu=7,Greedy,ok,0.0411,471938,471938,7309330,471938,0.978,63,1,,,,,
zipF_instance,TS,2,nbC=10;nbV=10;it=400;tabu=7,Greedy,ok,0.1071,1879209,1879209,207684385,1879209,0.7529,1116,1,,,,,
me_at_the_zoo,TSS,0,nbC=30;nbV=30;it=400;tabu=7,Greedy,ok,0.232,473911,473911,7204147,471938,0.973,55,1,,,,,
me_at_the_zoo,TS,0,nbC=30;nbV=30;it=400;tabu=7,Greedy,ok,0.1449,471938,471938,7309330,471938,0.979,69,1,,,,,
me_at_the_zoo,TS,1,nbC=30;nbV=30;it=400;tabu=7,Greedy,ok,0.1469,471938,471938,7309330,471938,0.978,67,1,,,,,
zipF_instance,TSS,0,nbC=30;nbV=30;it=100;tabu=7,Greedy,ok,1.0052,1879209,1879209,207684385,1879209,0.5305,726,1,,,,,
me_at_the_zoo,TS,2,nbC=30;nbV=30;it=400;tabu=7,Greedy,ok,0.1489,471938,471938,7309330,471938,0.983,69,1,,,,,
me_at_the_zoo,TSS,0,nbC=100;nbV=100;it=100;tabu=7,Greedy,ok,0.0895,471938,471938,7309330,471938,0.959,57,1,,,,,
zipF_instance,TS,0,nbC=30;nbV=30;it=100;tabu=7,Greedy,ok,0.1724,1879209,1879209,207684385,1879209,0.5766,820,1,,,,,
me_at_the_zoo,TS,0,nbC=100;nbV=100;it=100;tabu=7,Greedy,ok,0.1217,471938,471938,7309330,471938,0.961,65,1,,,,,
zipF_instance,TS,1,nbC=30;nbV=30;it=100;tabu=7,Greedy,ok,0.1714,1879209,1879209,207684385,1879209,0.5857,820,1,,,,,
me_at_the_zoo,TS,1,nbC=100;nbV=100;it=100;tabu=7,Greedy,ok,0.1138,473911,473911,7204147,471938,0.981,63,1,,,,,
zipF_instance,TS,2,nbC=30;nbV=30;it=100;tabu=7,Greedy,ok,0.1693,1879209,1879209,207684385,1879209,0.5832,820,1,,,,,
me_at_the_zoo,TS,2,nbC=100;nbV=100;it=100;tabu=7,Greedy,ok,0.1712,471938,471938,7309330,471938,0.985,69,1,,,,,
me_at_the_zoo,TSS,0,nbC=100;nbV=100;it=400;tabu=7,Greedy,ok,0.3425,471938,471938,7309330,471938,0.952,53,1,,,,,
me_at_the_zoo,TS,0,nbC=100;nbV=100;it=400;tabu=7,Greedy,ok,0.4585,471938,471938,7309330,471938,0.975,67,1,,,,,
me_at_the_zoo,TS,1,nbC=100;nbV=100;it=400;tabu=7,Greedy,ok,0.4885,473911,473911,7204147,471938,0.98,63,1,,,,,
me_at_the_zoo,TS,2,nbC=100;nbV=100;it=400;tabu=7,Greedy,ok,0.4784,471938,471938,7309330,471938,0.969,69,1,,,,,
big,Greedy,0,,,ok,0.008,271267,271267,12583100479,,0.991,3577,1,,,,,
big,Greedy2,0,,,ok,0.02,271267,271267,12583100479,,0.991,3577,1,,,,,
big,Greedy3,0,,,ok,0.0025,122089,122089,16714860481,,0.5419,627,1,,,,,
big,TSS,0,nbC=10;nbV=10;it=100;tabu=7,Greedy,ok,0.0055,270463,271267,12605371878,271267,0.991,3577,1,,,,,
big,TS,0,nbC=10;nbV=10;it=100;tabu=7,Greedy,ok,0.0015,271267,271267,12583100479,271267,0.991,3577,1,,,,,
big,TS,1,nbC=10;nbV=10;it=100;tabu=7,Greedy,ok,0.0022,270911,271267,12592968060,271267,0.9905,3576,1,,,,,
big,TS,2,nbC=10;nbV=10;it=100;tabu=7,Greedy,ok,0.0016,271225,271267,12584253659,271267,0.9909,3576,1,,,,,
big,TSS,0,nbC=10;nbV=10;it=400;tabu=7,Greedy,ok,0.0056,270463,271267,12605371878,271267,0.991,3577,1,,,,,
zipF_instance,TSS,0,nbC=30;nbV=30;it=400;tabu=7,Greedy,ok,4.1812,1879209,1879209,207684385,1879209,0.5303,724,1,,,,,
big,TS,0,nbC=10;nbV=10;it=400;tabu=7,Greedy,ok,0.0014,271267,271267,12583100479,271267,0.991,3577,1,,,,,
big,TS,1,nbC=10;nbV=10;it=400;tabu=7,Greedy,ok,0.0022,270911,271267,12592968060,271267,0.9905,3576,1,,,,,
big,TS,2,nbC=10;nbV=10;it=400;tabu=7,Greedy,ok,0.0024,271225,271267,12584253659,271267,0.9909,3576,1,,,,,
big,TSS,0,nbC=30;nbV=30;it=100;tabu=7,Greedy,ok,0.0107,269654,271267,12627785724,271267,0.991,3577,1,,,,,
zipF_instance,TS,0,nbC=30;nbV=30;it=400;tabu=7,Greedy,ok,0.6599,1879209,1879209,207684385,1879209,0.7331,1116,1,,,,,
big,TS,0,nbC=30;nbV=30;it=100;tabu=7,Greedy,ok,0.0254,270907,271267,12593078601,271267,0.9912,3588,1,,,,,
big,TS,1,nbC=30;nbV=30;it=100;tabu=7,Greedy,ok,0.0139,271170,271267,12585777572,271267,0.991,3580,1,,,,,
big,TS,2,nbC=30;nbV=30;it=100;tabu=7,Greedy,ok,0.0433,271267,271267,12583100479,271267,0.9921,3600,1,,,,,
big,TSS,0,nbC=30;nbV=30;it=400;tabu=7,Greedy,ok,0.0134,269654,271267,12627785724,271267,0.991,3577,1,,,,,
big,TS,0,nbC=30;nbV=30;it=400;tabu=7,Greedy,ok,0.0225,270907,271267,12593078601,271267,0.9912,3588,1,,,,,
zipF_instance,TS,1,nbC=30;nbV=30;it=400;tabu=7,Greedy,ok,0.8381,1879209,1879209,207684385,1879209,0.7292,1120,1,,,,,
big,TS,1,nbC=30;nbV=30;it=400;tabu=7,Greedy,ok,0.0155,271170,271267,12585777572,271267,0.991,3580,1,,,,,
big,TS,2,nbC=30;nbV=30;it=400;tabu=7,Greedy,ok,0.0303,271267,271267,12583100479,271267,0.9921,3600,1,,,,,
zipF_instance,TS,2,nbC=30;nbV=30;it=400;tabu=7,Greedy,ok,0.65,1879962,1879962,207305955,1879209,0.7249,1112,1,,,,,
big,TSS,0,nbC=100;nbV=100;it=100;tabu=7,Greedy,ok,0.9847,271267,271267,12583100479,271267,0.991,3577,1,,,,,
big,TS,0,nbC=100;nbV=100;it=100;tabu=7,Greedy,ok,1.3916,271082,271267,12588234841,271267,0.9934,3639,1,,,,,
big,TS,1,nbC=100;nbV=100;it=100;tabu=7,Greedy,ok,1.4541,271001,271267,12590460028,271267,0.9929,3635,1,,,,,
zipF_instance,TSS,0,nbC=100;nbV=100;it=100;tabu=7,Greedy,ok,4.9872,1879209,1879209,207684385,1879209,0.5305,726,1,,,,,
big,TS,2,nbC=100;nbV=100;it=100;tabu=7,Greedy,ok,1.5772,270996,271267,12590602673,271267,0.993,3637,1,,,,,
zipF_instance,TS,0,nbC=100;nbV=100;it=100;tabu=7,Greedy,ok,2.1537,1879209,1879209,207684385,1879209,0.5756,818,1,,,,,
zipF_instance,TS,1,nbC=100;nbV=100;it=100;tabu=7,Greedy,ok,1.8893,1879209,1879209,207684385,1879209,0.5795,820,1,,,,,
big,TSS,0,nbC=100;nbV=100;it=400;tabu=7,Greedy,ok,4.8364,271267,271267,12583100479,271267,0.991,3577,1,,,,,
zipF_instance,TS,2,nbC=100;nbV=100;it=100;tabu=7,Greedy,ok,1.819,1879209,1879209,207684385,1879209,0.5754,820,1,,,,,
big,TS,0,nbC=100;nbV=100;it=400;tabu=7,Greedy,ok,7.1358,269721,271267,12625923238,271267,0.9931,3689,1,,,,,
big,TS,1,nbC=100;nbV=100;it=400;tabu=7,Greedy,ok,7.9575,269959,271267,12619321219,271267,0.9938,3697,1,,,,,
big,TS,2,nbC=100;nbV=100;it=400;tabu=7,Greedy,ok,9.2554,269894,271267,12621114725,271267,0.994,3701,1,,,,,
videos_worth_spreading,Greedy,0,,,ok,0.2354,484419,484419,229249474988,,0.9999,3507,1,,,,,
videos_worth_spreading,Greedy2,0,,,ok,0.5431,129415,129415,406640237676,,0.9995,3487,1,,,,,
videos_worth_spreading,Greedy3,0,,,ok,0.0093,257888,257888,342444142581,,0.1752,521,1,,,,,
zipF_instance,TSS,0,nbC=100;nbV=100;it=400;tabu=7,Greedy,ok,27.9577,1879209,1879209,207684385,1879209,0.5303,724,1,,,,,
zipF_instance,TS,0,nbC=100;nbV=100;it=400;tabu=7,Greedy,ok,7.1297,1879209,1879209,207684385,1879209,0.7123,1102,1,,,,,
zipF_instance,TS,1,nbC=100;nbV=100;it=400;tabu=7,Greedy,ok,7.5106,1879209,1879209,207684385,1879209,0.7258,1108,1,,,,,
zipF_instance,TS,2,nbC=100;nbV=100;it=400;tabu=7,Greedy,ok,7.8263,1879209,1879209,207684385,1879209,0.7151,1102,1,,,,,
medium_mixed_lambda,Greedy,0,,,ok,0.1044,14476,14476,11798861187,,0.998,136,1,,,,,
medium_mixed_lambda,Greedy2,0,,,ok,0.4662,18347,18347,11717265332,,0.9989,135,1,,,,,
medium_mixed_lambda,Greedy3,0,,,ok,0.0492,7577,7577,11944272304,,0.999,240,1,,,,,
medium_mixed_lambda,TSS,0,nbC=10;nbV=10;it=100;tabu=7,Greedy2,ok,0.4939,18062,18347,11723291447,18347,0.9667,133,1,,,,,
medium_mixed_lambda,TS,0,nbC=10;nbV=10;it=100;tabu=7,Greedy2,ok,0.0073,18261,18347,11719095684,18347,0.9869,134,1,,,,,
medium_mixed_lambda,TS,1,nbC=10;nbV=10;it=100;tabu=7,Greedy2,ok,0.0156,18425,18425,11715623839,18347,0.992,136,1,,,,,
medium_mixed_lambda,TS,2,nbC=10;nbV=10;it=100;tabu=7,Greedy2,ok,0.004,18347,18347,11717265332,18347,0.9989,135,1,,,,,
medium_mixed_lambda,TSS,0,nbC=10;nbV=10;it=400;tabu=7,Greedy2,ok,1.5661,18051,18347,11723516959,18347,0.9668,133,1,,,,,
medium_mixed_lambda,TS,0,nbC=10;nbV=10;it=400;tabu=7,Greedy2,ok,0.0079,18261,18347,11719095684,18347,0.9869,134,1,,,,,
medium_mixed_lambda,TS,1,nbC=10;nbV=10;it=400;tabu=7,Greedy2,ok,0.0146,18425,18425,11715623839,18347,0.992,136,1,,,,,
medium_mixed_lambda,TS,2,nbC=10;nbV=10;it=400;tabu=7,Greedy2,ok,0.0038,18347,18347,11717265332,18347,0.9989,135,1,,,,,
medium_mixed_lambda,TSS,0,nbC=30;nbV=30;it=100;tabu=7,Greedy2,ok,1.8073,18405,18451,11716044528,18347,0.9963,135,1,,,,,
medium_mixed_lambda,TS,0,nbC=30;nbV=30;it=100;tabu=7,Greedy2,ok,0.2911,19173,19173,11699857288,18347,0.9978,145,1,,,,,
medium_mixed_lambda,TS,1,nbC=30;nbV=30;it=100;tabu=7,Greedy2,ok,0.6489,19943,19943,11683642510,18347,0.9977,158,1,,,,,
medium_mixed_lambda,TS,2,nbC=30;nbV=30;it=100;tabu=7,Greedy2,ok,0.0927,18562,18562,11712734736,18347,0.9987,138,1,,,,,
medium_mixed_lambda,TSS,0,nbC=30;nbV=30;it=400;tabu=7,Greedy2,ok,7.0233,18373,18451,11716721674,18347,0.9963,135,1,,,,,
medium_mixed_lambda,TS,0,nbC=30;nbV=30;it=400;tabu=7,Greedy2,ok,0.2969,19173,19173,11699857288,18347,0.9978,145,1,,,,,
medium_mixed_lambda,TS,1,nbC=30;nbV=30;it=400;tabu=7,Greedy2,ok,0.6488,19943,19943,11683642510,18347,0.9977,158,1,,,,,
medium_mixed_lambda,TS,2,nbC=30;nbV=30;it=400;tabu=7,Greedy2,ok,0.1,18562,18562,11712734736,18347,0.9987,138,1,,,,,
videos_worth_spreading,TSS,0,nbC=10;nbV=10;it=100;tabu=7,Greedy,ok,51.3872,484525,484525,229196630858,484419,0.9997,3507,1,,,,,
videos_worth_spreading,TS,0,nbC=10;nbV=10;it=100;tabu=7,Greedy,ok,0.0034,484419,484419,229249474988,484419,0.9999,3507,1,,,,,
videos_worth_spreading,TS,1,nbC=10;nbV=10;it=100;tabu=7,Greedy,ok,0.002,484419,484419,229249474988,484419,0.9999,3507,1,,,,,
videos_worth_spreading,TS,2,nbC=10;nbV=10;it=100;tabu=7,Greedy,ok,0.0017,484419,484419,229249474988,484419,0.9999,3507,1,,,,,
medium_mixed_lambda,TSS,0,nbC=100;nbV=100;it=100;tabu=7,Greedy2,ok,6.8335,18546,18563,11713079422,18347,0.994,135,1,,,,,
medium_mixed_lambda,TS,0,nbC=100;nbV=100;it=100;tabu=7,Greedy2,ok,4.824,21070,21085,11659886319,18347,0.9987,168,1,,,,,
medium_mixed_lambda,TS,1,nbC=100;nbV=100;it=100;tabu=7,Greedy2,ok,6.4418,21020,21020,11660944382,18347,0.9976,171,1,,,,,
medium_mixed_lambda,TS,2,nbC=100;nbV=100;it=100;tabu=7,Greedy2,ok,1.5569,19196,19196,11699387760,18347,0.9974,146,1,,,,,
medium_mixed_lambda,TSS,0,nbC=100;nbV=100;it=400;tabu=7,Greedy2,ok,29.8722,18546,18565,11713079422,18347,0.994,135,1,,,,,
medium_mixed_lambda,TS,0,nbC=100;nbV=100;it=400;tabu=7,Greedy2,ok,4.6852,21070,21085,11659886319,18347,0.9987,168,1,,,,,
medium_mixed_lambda,TS,1,nbC=100;nbV=100;it=400;tabu=7,Greedy2,ok,13.2641,22787,22833,11623703119,18347,0.9982,196,1,,,,,
medium_mixed_lambda,TS,2,nbC=100;nbV=100;it=400;tabu=7,Greedy2,ok,1.4524,19196,19196,11699387760,18347,0.9974,146,1,,,,,
videos_worth_spreading,TSS,0,nbC=10;nbV=10;it=400;tabu=7,Greedy,ok,202.0286,484525,484525,229196630858,484419,0.9997,3507,1,,,,,
videos_worth_spreading,TS,0,nbC=10;nbV=10;it=400;tabu=7,Greedy,ok,0.0019,484419,484419,229249474988,484419,0.9999,3507,1,,,,,
videos_worth_spreading,TS,1,nbC=10;nbV=10;it=400;tabu=7,Greedy,ok,0.002,484419,484419,229249474988,484419,0.9999,3507,1,,,,,
videos_worth_spreading,TS,2,nbC=10;nbV=10;it=400;tabu=7,Greedy,ok,0.0018,484419,484419,229249474988,484419,0.9999,3507,1,,,,,
videos_worth_spreading,TSS,0,nbC=30;nbV=30;it=100;tabu=7,Greedy,ok,181.5677,486721,486721,228098984497,484419,0.9995,3509,1,,,,,
videos_worth_spreading,TS,0,nbC=30;nbV=30;it=100;tabu=7,Greedy,ok,1.0576,484447,484471,229235297789,484419,0.9992,3567,1,,,,,
videos_worth_spreading,TS,1,nbC=30;nbV=30;it=100;tabu=7,Greedy,ok,0.018,484512,484512,229202821788,484419,0.9995,3507,1,,,,,
videos_worth_spreading,TS,2,nbC=30;nbV=30;it=100;tabu=7,Greedy,ok,1.0824,484715,484715,229101576170,484419,0.9995,3567,1,,,,,
videos_worth_spreading,TSS,0,nbC=30;nbV=30;it=400;tabu=7,Greedy,timeout,300.0454,487160,487160,227879883214,484419,0.9994,3509,1,,,,,
videos_worth_spreading,TS,0,nbC=30;nbV=30;it=400;tabu=7,Greedy,ok,3.4618,485676,485705,228621210071,484419,0.9999,3711,1,,,,,
videos_worth_spreading,TS,1,nbC=30;nbV=30;it=400;tabu=7,Greedy,ok,0.0182,484512,484512,229202821788,484419,0.9995,3507,1,,,,,
videos_worth_spreading,TS,2,nbC=30;nbV=30;it=400;tabu=7,Greedy,ok,2.1784,484795,484795,229061860383,484419,0.9997,3623,1,,,,,
videos_worth_spreading,TSS,0,nbC=100;nbV=100;it=100;tabu=7,Greedy,timeout,300.0458,486036,486036,228441418321,484419,0.9999,3513,1,,,,,
videos_worth_spreading,TS,0,nbC=100;nbV=100;it=100;tabu=7,Greedy,ok,11.6358,485274,485274,228822486151,484419,0.9999,3581,1,,,,,
videos_worth_spreading,TS,1,nbC=100;nbV=100;it=100;tabu=7,Greedy,ok,12.0294,485270,485270,228824437609,484419,0.9997,3579,1,,,,,
videos_worth_spreading,TS,2,nbC=100;nbV=100;it=100;tabu=7,Greedy,ok,12.05,485235,485235,228841765353,484419,0.9999,3579,1,,,,,
videos_worth_spreading,TSS,0,nbC=100;nbV=100;it=400;tabu=7,Greedy,timeout,300.0471,486036,486036,228441418321,484419,0.9999,3513,1,,,,,
videos_worth_spreading,TS,0,nbC=100;nbV=100;it=400;tabu=7,Greedy,ok,52.7639,487818,487818,227551005396,484419,0.9999,3773,1,,,,,
videos_worth_spreading,TS,1,nbC=100;nbV=100;it=400;tabu=7,Greedy,ok,53.6299,487897,487897,227511664789,484419,0.9998,3767,1,,,,,
videos_worth_spreading,TS,2,nbC=100;nbV=100;it=400;tabu=7,Greedy,ok,56.7303,488405,488405,227257678333,484419,1.0,3775,1,,,,,
