instance,algo,n_placed,n_useless,useless_share,wasted_capacity_share,copies_per_video,served_by_cache_share,fill_rate
kittens,Greedy,7209,27,0.0037,0.0,1.507,0.4062,1.0
kittens,Greedy2,6392,0,0.0,0.0,1.0,0.6811,0.998
kittens,Greedy3,8950,5797,0.6477,0.7388,22.658,0.0392,1.0
kittens,KS_indep,5032,1113,0.2212,0.0054,11.757,0.0443,0.03
kittens,KS_maj,1526,0,0.0,0.0,1.272,0.1067,0.028
me_at_the_zoo,Greedy,51,2,0.0392,0.031,2.125,0.8526,0.952
me_at_the_zoo,Greedy2,33,0,0.0,0.0,1.0,0.7064,0.787
me_at_the_zoo,Greedy3,32,12,0.375,0.296,2.909,0.4991,0.714
me_at_the_zoo,KS_indep,76,34,0.4474,0.313,4.0,0.7813,0.976
me_at_the_zoo,KS_maj,51,3,0.0588,0.01,1.759,0.9115,0.913
trending_today,Greedy,10105,3775,0.3736,0.3693,1.596,0.7049,0.9993
trending_today,Greedy2,9996,0,0.0,0.0,1.0,1.0,0.9993
trending_today,Greedy3,8700,8613,0.99,0.9884,100.0,0.0102,0.9984
trending_today,KS_indep,0,0,0,0.0,0,0.0,0.0
trending_today,KS_maj,9993,0,0.0,0.0,1.0,0.9999,0.9987
videos_worth_spreading,Greedy,3507,271,0.0773,0.0935,2.641,0.5518,0.9999
videos_worth_spreading,Greedy2,3487,0,0.0,0.0,1.0,0.1549,0.9995
videos_worth_spreading,Greedy3,521,142,0.2726,0.0428,7.137,0.2899,0.1752
videos_worth_spreading,KS_indep,774,97,0.1253,0.0083,3.185,0.2032,0.09
videos_worth_spreading,KS_maj,4683,113,0.0241,0.0018,2.823,0.543,0.68
custom_dejavu42,Greedy,737,0,0.0,0.0,1.024,0.0257,0.9996
custom_dejavu42,Greedy2,721,0,0.0,0.0,1.0,0.0531,0.9994
custom_dejavu42,Greedy3,460,113,0.2457,0.1439,4.0,0.0094,0.5957
custom_dejavu42,KS_indep,4891,1292,0.2642,0.2001,4.491,0.0945,1.0
custom_dejavu42,KS_maj,3382,76,0.0225,0.01,1.972,0.1236,1.0
custom_universallambda42,Greedy,874,0,0.0,0.0,1.109,0.1043,1.0
custom_universallambda42,Greedy2,648,0,0.0,0.0,1.0,0.0878,1.0
custom_universallambda42,Greedy3,67,0,0.0,0.0,8.375,0.0007,1.0
custom_universallambda42,KS_indep,40000,379,0.0095,0.0095,12.63,0.6139,1.0
custom_universallambda42,KS_maj,10193,0,0.0,0.0,1.505,0.6558,1.0
custom_universallambda42_asymmetric,Greedy,1106,0,0.0,0.0,1.0,0.1147,0.252
custom_universallambda42_asymmetric,Greedy2,371,0,0.0,0.0,1.0,0.0488,0.252
custom_universallambda42_asymmetric,Greedy3,5275,1028,0.1949,0.0493,28.825,0.0181,0.252
custom_universallambda42_asymmetric,KS_maj,4461,0,0.0,0.0,1.0,0.4546,0.208
instance1,Greedy,5007,30,0.006,0.0061,1.374,0.4036,1.0
instance1,Greedy2,5024,0,0.0,0.0,1.0,0.6707,1.0
instance1,Greedy3,980,223,0.2276,0.0415,5.0,0.0339,0.1871
instance1,KS_indep,0,0,0,0.0,0,0.0,0.0
instance1,KS_maj,7568,115,0.0152,0.0026,1.51,0.6731,1.0
instance2,Greedy,7523,23,0.0031,0.0032,2.204,0.7418,1.0
instance2,Greedy2,4209,0,0.0,0.0,1.0,0.6944,0.5567
instance2,Greedy3,2105,127,0.0603,0.0161,4.988,0.1865,0.2781
instance2,KS_indep,0,0,0,0.0,0,0.0,0.0
instance2,KS_maj,8594,37,0.0043,0.0015,2.074,0.8979,1.0
4990_246_84901_50,Greedy,8646,27,0.0031,0.0029,2.304,0.6307,1.0
4990_246_84901_50,Greedy2,4989,0,0.0,0.0,1.0,0.6613,0.5858
4990_246_84901_50,Greedy3,4920,1819,0.3697,0.2154,19.919,0.0954,0.5722
4990_246_84901_50,KS_indep,0,0,0,0.0,0,0.0,0.0
4990_246_84901_50,KS_maj,10272,59,0.0057,0.0005,2.117,0.8479,0.9999
6970_311_100000_69,Greedy,27585,564,0.0204,0.0202,4.165,0.6754,1.0
6970_311_100000_69,Greedy2,6970,0,0.0,0.0,1.0,0.3871,0.2533
6970_311_100000_69,Greedy3,3110,858,0.2759,0.0311,10.032,0.0788,0.1119
6970_311_100000_69,KS_indep,0,0,0,0.0,0,0.0,0.0
6970_311_100000_69,KS_maj,31542,1054,0.0334,0.0112,4.54,0.8859,1.0
10000_500_100000_100,Greedy,49968,1367,0.0274,0.027,5.024,0.9942,1.0
10000_500_100000_100,Greedy2,10000,0,0.0,0.0,1.0,1.0,0.2009
10000_500_100000_100,Greedy3,42500,37368,0.8792,0.7183,84.325,0.0554,0.818
10000_500_100000_100,KS_indep,0,0,0,0.0,0,0.0,0.0
10000_500_100000_100,KS_maj,20168,103,0.0051,0.0017,2.017,0.9974,0.4053
3860_246_84901_66,Greedy,33390,1341,0.0402,0.0389,8.65,0.9998,1.0
3860_246_84901_66,Greedy2,3860,0,0.0,0.0,1.0,0.9928,0.1163
3860_246_84901_66,Greedy3,13776,9387,0.6814,0.285,55.548,0.0665,0.4191
3860_246_84901_66,KS_indep,0,0,0,0.0,0,0.0,0.0
3860_246_84901_66,KS_maj,7720,0,0.0,0.0,2.0,0.9961,0.2325
regional_instance,Greedy,730,36,0.0493,0.0301,2.092,0.8956,0.5813
regional_instance,Greedy2,393,0,0.0,0.0,1.0,0.4708,0.3385
regional_instance,Greedy3,321,200,0.6231,0.1663,3.821,0.1706,0.2623
regional_instance,KS_indep,1274,745,0.5848,0.3761,4.719,0.7514,0.714
regional_instance,KS_maj,822,132,0.1606,0.0689,2.335,0.901,0.5998
zipF_instance,Greedy,720,28,0.0389,0.014,2.544,0.8912,0.5267
zipF_instance,Greedy2,321,0,0.0,0.0,1.0,0.3721,0.2783
zipF_instance,Greedy3,282,158,0.5603,0.1381,4.209,0.1701,0.2296
zipF_instance,KS_indep,1198,655,0.5467,0.3174,5.521,0.7667,0.6358
zipF_instance,KS_maj,779,92,0.1181,0.0376,2.762,0.8859,0.5379
big,Greedy,3577,0,0.0,0.0,1.0,0.8853,0.991
big,Greedy2,3577,0,0.0,0.0,1.0,0.8853,0.991
big,Greedy3,627,0,0.0,0.0,1.0,0.0543,0.5419
big,KS_indep,1028,0,0.0,0.0,1.0,0.2528,0.2914
big,KS_maj,3577,0,0.0,0.0,1.0,0.8853,0.991
supra,Greedy,692,0,0.0,0.0,1.0,0.8012,0.982
supra,Greedy2,692,0,0.0,0.0,1.0,0.8012,0.982
supra,Greedy3,272,0,0.0,0.0,1.0,0.1214,0.6046
supra,KS_indep,692,0,0.0,0.0,1.0,0.8012,0.982
supra,KS_maj,692,0,0.0,0.0,1.0,0.8012,0.982
INSATANC2D,Greedy,1986,23,0.0116,0.0099,1.121,0.0967,0.9997
INSATANC2D,Greedy2,1984,0,0.0,0.0,1.0,0.1789,0.9996
INSATANC2D,Greedy3,440,230,0.5227,0.1288,4.0,0.0093,0.2467
INSATANC2D,KS_indep,8180,4040,0.4939,0.3853,4.712,0.189,0.95
INSATANC2D,KS_maj,5527,412,0.0745,0.029,2.081,0.2646,1.0
INSTANCED,Greedy,371,0,0.0,0.0,1.742,0.5262,0.9781
INSTANCED,Greedy2,372,0,0.0,0.0,1.0,0.6409,0.9808
INSTANCED,Greedy3,320,45,0.1406,0.1405,26.667,0.019,0.9988
INSTANCED,KS_indep,600,56,0.0933,0.0922,35.294,0.056,0.9986
INSTANCED,KS_maj,388,0,0.0,0.0,1.293,0.7162,0.9934
2_2_2_1,Greedy,1,0,0.0,0.0,1.0,0.9523,1.0
2_2_2_1,Greedy2,1,0,0.0,0.0,1.0,0.9523,1.0
2_2_2_1,Greedy3,1,0,0.0,0.0,1.0,0.0477,0.05
2_2_2_1,KS_indep,1,0,0.0,0.0,1.0,0.9523,1.0
2_2_2_1,KS_maj,1,0,0.0,0.0,1.0,0.9523,1.0
4_2_4_2,Greedy,2,0,0.0,0.0,1.0,0.656,0.5
4_2_4_2,Greedy2,2,0,0.0,0.0,1.0,0.656,0.5
4_2_4_2,Greedy3,3,1,0.3333,0.25,1.5,0.3448,0.5125
4_2_4_2,KS_indep,3,1,0.3333,0.25,1.5,0.656,0.75
4_2_4_2,KS_maj,2,0,0.0,0.0,1.0,0.656,0.5
6_2_6_2,Greedy,3,0,0.0,0.0,1.0,0.5,0.5
6_2_6_2,Greedy2,3,0,0.0,0.0,1.0,0.5,0.5
6_2_6_2,Greedy3,3,1,0.3333,0.1667,1.5,0.3333,0.5
6_2_6_2,KS_indep,6,3,0.5,0.5,2.0,0.5,1.0
6_2_6_2,KS_maj,3,0,0.0,0.0,1.0,0.5,0.5
8_2_8_2,Greedy,4,0,0.0,0.0,1.0,0.5678,0.5
8_2_8_2,Greedy2,4,0,0.0,0.0,1.0,0.5678,0.5
8_2_8_2,Greedy3,3,1,0.3333,0.125,1.5,0.1491,0.2562
8_2_8_2,KS_indep,7,3,0.4286,0.375,1.75,0.5678,0.875
8_2_8_2,KS_maj,4,0,0.0,0.0,1.0,0.5678,0.5
20_2_20_2,Greedy,10,0,0.0,0.0,1.0,0.5255,0.5
20_2_20_2,Greedy2,10,0,0.0,0.0,1.0,0.5255,0.5
20_2_20_2,Greedy3,3,1,0.3333,0.05,1.5,0.0552,0.1025
20_2_20_2,KS_indep,19,9,0.4737,0.45,1.9,0.5255,0.95
20_2_20_2,KS_maj,10,0,0.0,0.0,1.0,0.5255,0.5
realistic_large_clustered,Greedy,25756,1298,0.0504,0.0538,4.703,0.7499,0.9997
realistic_large_clustered,Greedy2,9709,0,0.0,0.0,1.0,0.5289,0.4031
realistic_large_clustered,Greedy3,25820,10098,0.3911,0.3544,36.676,0.3726,0.9098
realistic_large_clustered,KS_indep,2242,0,0.0,0.0,6.713,0.3685,0.018
realistic_large_clustered,KS_maj,2030,0,0.0,0.0,1.678,0.4754,0.02
realistic_large_random,Greedy,25819,9,0.0003,0.0005,4.679,0.7703,0.9997
realistic_large_random,Greedy2,9722,0,0.0,0.0,1.0,0.3412,0.4085
realistic_large_random,Greedy3,29514,7145,0.2421,0.2579,34.081,0.466,0.9997
realistic_large_random,KS_indep,2128,0,0.0,0.0,5.944,0.304,0.018
realistic_large_random,KS_maj,3094,1,0.0003,0.0,2.852,0.3883,0.028
dense,Greedy,744,0,0.0,0.0,1.0,0.8642,1.0
dense,Greedy2,918,0,0.0,0.0,1.0,0.3248,0.9997
dense,Greedy3,759,97,0.1278,0.043,1.769,0.0118,1.0
dense,KS_indep,744,0,0.0,0.0,1.0,0.8642,1.0
dense,KS_maj,744,0,0.0,0.0,1.0,0.8642,1.0
dense2,Greedy,100,0,0.0,0.0,1.0,0.7318,1.0
dense2,Greedy2,100,0,0.0,0.0,1.0,0.2747,1.0
dense2,Greedy3,1523,306,0.2009,0.0668,2.16,0.0167,1.0
dense2,KS_indep,100,0,0.0,0.0,1.0,0.7318,1.0
dense2,KS_maj,100,0,0.0,0.0,1.0,0.7318,1.0
medium_mixed_lambda,Greedy,136,0,0.0,0.0,1.511,0.0386,0.998
medium_mixed_lambda,Greedy2,135,0,0.0,0.0,1.0,0.0514,0.9989
medium_mixed_lambda,Greedy3,240,5,0.0208,0.0199,10.0,0.0156,0.999
medium_mixed_lambda,KS_indep,1196,41,0.0343,0.0275,10.05,0.0567,1.0
medium_mixed_lambda,KS_maj,618,0,0.0,0.0,1.652,0.122,0.9999
medium_skew_dense_dejavu,Greedy,540,0,0.0,0.0,1.166,0.1652,0.9994
medium_skew_dense_dejavu,Greedy2,541,0,0.0,0.0,1.0,0.2593,0.9994
medium_skew_dense_dejavu,Greedy3,572,5,0.0087,0.0015,5.778,0.0551,0.9968
medium_skew_dense_dejavu,KS_indep,2604,1,0.0004,0.0001,9.367,0.1763,1.0
medium_skew_dense_dejavu,KS_maj,1190,0,0.0,0.0,1.537,0.372,1.0
medium_skew_sparse_lambda,Greedy,160,1,0.0063,0.0149,2.162,0.0376,0.9991
medium_skew_sparse_lambda,Greedy2,141,0,0.0,0.0,1.0,0.0477,0.9984
medium_skew_sparse_lambda,Greedy3,172,13,0.0756,0.1042,6.615,0.0224,0.9917
medium_skew_sparse_lambda,KS_indep,1019,75,0.0736,0.0494,8.152,0.0811,1.0
medium_skew_sparse_lambda,KS_maj,636,0,0.0,0.0,2.617,0.1035,0.9998
medium_flat_dense_dejavu,Greedy,558,0,0.0,0.0,1.105,0.096,0.9994
medium_flat_dense_dejavu,Greedy2,551,0,0.0,0.0,1.0,0.115,0.9997
medium_flat_dense_dejavu,Greedy3,489,0,0.0,0.0,4.657,0.0291,0.9994
medium_flat_dense_dejavu,KS_indep,3827,16,0.0042,0.0038,12.63,0.0988,1.0
medium_flat_dense_dejavu,KS_maj,1695,0,0.0,0.0,1.688,0.2461,1.0
medium_flat_sparse_lambda,Greedy,151,0,0.0,0.0,1.041,0.0109,0.9984
medium_flat_sparse_lambda,Greedy2,127,0,0.0,0.0,1.0,0.01,0.9978
medium_flat_sparse_lambda,Greedy3,146,0,0.0,0.0,10.429,0.0037,0.9989
medium_flat_sparse_lambda,KS_indep,1573,1,0.0006,0.0006,12.789,0.0372,1.0
medium_flat_sparse_lambda,KS_maj,1029,0,0.0,0.0,3.385,0.0568,1.0
